<?xml version="1.0" encoding="UTF-8"?>
<project-private xmlns="http://www.netbeans.org/ns/project-private/1">
    <editor-bookmarks xmlns="http://www.netbeans.org/ns/editor-bookmarks/1"/>
    <editor-bookmarks xmlns="http://www.netbeans.org/ns/editor-bookmarks/2" lastBookmarkId="0"/>
    <open-files xmlns="http://www.netbeans.org/ns/projectui-open-files/1">
        <file>file:/C:/Users/OT-0018/Desktop/14326/Owlet_Server/nbproject/build-impl.xml</file>
        <file>file:/C:/Users/OT-0018/Desktop/14326/Owlet_Server/src/java/MyPack/CityServices.java</file>
        <file>file:/C:/Users/OT-0018/Desktop/14326/Owlet_Server/src/java/MyPack/ReadVideo.java</file>
    </open-files>
    <open-files xmlns="http://www.netbeans.org/ns/projectui-open-files/2">
        <group>
            <file>file:/G:/Pratima15-16/trunk/12925.Smart%20City%20Using%20IOT(Environment%20parameter)/CityCentralServer/src/java/MyPack/CityServices.java</file>
        </group>
    </open-files>
</project-private>
